
[{"Title":"Shole","Released Year":1990,"Movie Color":true,"omitempty":["Dharamender","Amitabh","Hemamalini","Sanjeev Kumar","Gabbar Singh"]},{"Title":"Bajrangi Bhaijan","Released Year":2010,"Movie Color":true,"omitempty":["Salman","Nawajudin Sidqui","Little Girl"]},{"Title":"Muggle Azam","Released Year":1960,"Movie Color":false,"omitempty":["Dilip","Madhubala","Pritvi Raj Kappor"]},{"Title":"DDLJ","Released Year":2010,"Movie Color":true,"omitempty":["Kajol","Shahrukh","Amrish Puri"]},{"Title":"Ding DOng","Released Year":2010,"Movie Color":false,"omitempty":[]}]

